,Country Code,Short Name,Currency Unit,Region,Income Group,National accounts base year,SNA price valuation,Lending category,System of National Accounts,Balance of Payments Manual in use,External debt Reporting status,System of trade,Government Accounting concept,IMF data dissemination standard,Latest population census,Latest household survey,Source of most recent Income and expenditure data,Vital registration complete,Latest agricultural census,Latest industrial data,Latest trade data
0,AFG,Afghanistan,Afghan afghani,South Asia,Low income,2002/03,Value added at basic prices (VAB),IDA,Country uses the 1993 System of National Accounts methodology,BPM6,Actual,General trade system,Consolidated central government,Enhanced General Data Dissemination System (e-GDDS),1979,"Demographic and Health Survey, 2015","Integrated household survey (IHS), 2016/17",,,,2017.0
1,AGO,Angola,Angolan kwanza,Sub-Saharan Africa,Lower middle income,2002,Value added at basic prices (VAB),IBRD,Country uses the 1993 System of National Accounts methodology,BPM6,Actual,Special trade system,Budgetary central government,Enhanced General Data Dissemination System (e-GDDS),2014,"Demographic and Health Survey, 2015/16","Integrated household survey (IHS), 2008/09",,,,2017.0
2,ALB,Albania,Albanian lek,Europe & Central Asia,Upper middle income,Original chained constant price data are rescaled.,Value added at basic prices (VAB),IBRD,Country uses the 2008 System of National Accounts methodology,BPM6,Actual,Special trade system,Consolidated central government,Enhanced General Data Dissemination System (e-GDDS),2011,"Demographic and Health Survey, 2017/18","Living Standards Measurement Study Survey (LSMS), 2012",Yes,2012,2013.0,2017.0
3,ARE,United Arab Emirates,U.A.E. dirham,Middle East & North Africa,High income,2010,Value added at producer prices (VAP),,Country uses the 1993 System of National Accounts methodology,,,Special trade system,Consolidated central government,Enhanced General Data Dissemination System (e-GDDS),2010,"World Health Survey, 2003",,,2012,1985.0,2017.0
4,ARG,Argentina,Argentine peso,Latin America & Caribbean,Upper middle income,2004,Value added at basic prices (VAB),IBRD,Country uses the 2008 System of National Accounts methodology,BPM6,Actual,Special trade system,Consolidated central government,Special Data Dissemination Standard (SDDS),2010,"Multiple Indicator Cluster Survey, 2011/12","Integrated household survey (IHS), 2016",Yes,2008,2002.0,2017.0
5,ARM,Armenia,Armenian dram,Europe & Central Asia,Upper middle income,Original chained constant price data are rescaled.,Value added at basic prices (VAB),IBRD,Country uses the 2008 System of National Accounts methodology,BPM6,Actual,General trade system,Consolidated central government,Special Data Dissemination Standard (SDDS),2011,"Demographic and Health Survey, 2015/16","Integrated household survey (IHS), 2016",Yes,2014,,2017.0
6,ATG,Antigua and Barbuda,East Caribbean dollar,Latin America & Caribbean,High income,2006,Value added at basic prices (VAB),IBRD,Country uses the 2008 System of National Accounts methodology,BPM6,,General trade system,Budgetary central government,Enhanced General Data Dissemination System (e-GDDS),2011,,,Yes,2007,,2017.0
7,AUS,Australia,Australian dollar,East Asia & Pacific,High income,Original chained constant price data are rescaled.,Value added at basic prices (VAB),,Country uses the 2008 System of National Accounts methodology,BPM6,,General trade system,Consolidated central government,Special Data Dissemination Standard (SDDS),2016,,"Expenditure survey/budget survey (ES/BS), 2010",Yes,2015-2016,2013.0,2017.0
8,AUT,Austria,Euro,Europe & Central Asia,High income,Original chained constant price data are rescaled.,Value added at basic prices (VAB),,Country uses the 2008 System of National Accounts methodology,BPM6,,Special trade system,Consolidated central government,Special Data Dissemination Standard Plus (SDDS+),2011. Population data compiled from administrative registers.,,"Income survey (IS), 2015",Yes,2010,2014.0,2017.0
9,AZE,Azerbaijan,New Azeri manat,Europe & Central Asia,Upper middle income,Original chained constant price data are rescaled.,Value added at basic prices (VAB),IBRD,Country uses the 1993 System of National Accounts methodology,BPM6,Actual,General trade system,Consolidated central government,Enhanced General Data Dissemination System (e-GDDS),2009,"Demographic and Health Survey, 2006","Living Standards Measurement Study Survey (LSMS), 2012",Yes,2015,2013.0,2017.0
10,BDI,Burundi,Burundi franc,Sub-Saharan Africa,Low income,2005,Value added at basic prices (VAB),IDA,Country uses the 1993 System of National Accounts methodology,BPM6,Actual,General trade system,Budgetary central government,Enhanced General Data Dissemination System (e-GDDS),2008,"Demographic and Health Survey, 2016/17","Core Welfare Indicator Questionnaire Survey (CWIQ), 2014",Yes,,2012.0,2017.0
11,BEL,Belgium,Euro,Europe & Central Asia,High income,Original chained constant price data are rescaled.,Value added at basic prices (VAB),,Country uses the 2008 System of National Accounts methodology,BPM6,,Special trade system,Consolidated central government,Special Data Dissemination Standard (SDDS),"2011. Population data compiled from administrative registers in combination with other sources of data, such as a sample surveys.",,"Income survey (IS), 2015",Yes,2010,2014.0,2017.0
12,BEN,Benin,West African CFA franc,Sub-Saharan Africa,Low income,2007,Value added at basic prices (VAB),IDA,Country uses the 1993 System of National Accounts methodology,BPM6,Actual,General trade system,Budgetary central government,Enhanced General Data Dissemination System (e-GDDS),2013,"Demographic and Health Survey, 2017/18","Core Welfare Indicator Questionnaire Survey (CWIQ), 2015",,,1981.0,2017.0
13,BFA,Burkina Faso,West African CFA franc,Sub-Saharan Africa,Low income,1999,Value added at basic prices (VAB),IDA,Country uses the 1993 System of National Accounts methodology,BPM6,Actual,General trade system,Budgetary central government,Enhanced General Data Dissemination System (e-GDDS),2006,"Malaria Indicator Survey, 2017/18","Core Welfare Indicator Questionnaire Survey (CWIQ), 2014",,2006-2010,1983.0,2017.0
14,BGD,Bangladesh,Bangladeshi taka,South Asia,Lower middle income,2005/06,Value added at basic prices (VAB),IDA,Country uses the 1993 System of National Accounts methodology,BPM6,Actual,General trade system,Budgetary central government,Enhanced General Data Dissemination System (e-GDDS),2011,"Demographic and Health Survey, 2017/18","Integrated household survey (IHS), 2016",,2008,2011.0,2017.0
15,BGR,Bulgaria,Bulgarian lev,Europe & Central Asia,Upper middle income,Original chained constant price data are rescaled.,Value added at basic prices (VAB),IBRD,Country uses the 2008 System of National Accounts methodology,BPM6,Actual,Special trade system,Consolidated central government,Special Data Dissemination Standard Plus (SDDS+),2011,"Living Standards Measurement Study, 2007","Expenditure survey/budget survey (ES/BS), 2014",Yes,2010,2014.0,2017.0
16,BHR,Bahrain,Bahraini dinar,Middle East & North Africa,High income,2010,Value added at producer prices (VAP),,Country uses the 1993 System of National Accounts methodology,BPM6,,General trade system,Budgetary central government,Enhanced General Data Dissemination System (e-GDDS),2010. Population data compiled from administrative registers.,,,Yes,2010,2013.0,2017.0
17,BHS,The Bahamas,Bahamian dollar,Latin America & Caribbean,High income,2012,Value added at basic prices (VAB),,Country uses the 2008 System of National Accounts methodology,BPM5 (Converted into BPM6 by IMF),,General trade system,Consolidated central government,Enhanced General Data Dissemination System (e-GDDS),2010,,,,,1998.0,2017.0
18,BIH,Bosnia and Herzegovina,Bosnia and Herzegovina convertible mark,Europe & Central Asia,Upper middle income,Original chained constant price data are rescaled.,Value added at basic prices (VAB),IBRD,Country uses the 1993 System of National Accounts methodology,BPM6,Actual,Special trade system,Consolidated central government,Enhanced General Data Dissemination System (e-GDDS),2013,"Multiple Indicator Cluster Survey, 2011/12","Expenditure survey/budget survey (ES/BS), 2015",Yes,,2011.0,2017.0
19,BLR,Belarus,Belarusian rubel,Europe & Central Asia,Upper middle income,Original chained constant price data are rescaled.,Value added at basic prices (VAB),IBRD,Country uses the 2008 System of National Accounts methodology,BPM6,Actual,General trade system,Consolidated central government,Special Data Dissemination Standard (SDDS),2009,"Multiple Indicator Cluster Survey, 2012","Integrated household survey (IHS), 2017",Yes,,2014.0,2017.0
20,BLZ,Belize,Belize dollar,Latin America & Caribbean,Upper middle income,2000,Value added at basic prices (VAB),IBRD,Country uses the 1993 System of National Accounts methodology,BPM6,Actual,General trade system,Budgetary central government,Enhanced General Data Dissemination System (e-GDDS),2010,"Multiple Indicator Cluster Survey, 2015/16","Labor force survey (LFS), 1999",,2011,1992.0,2017.0
21,BOL,Bolivia,Bolivian Boliviano,Latin America & Caribbean,Lower middle income,1990,Value added at basic prices (VAB),IBRD,Country uses the 1993 System of National Accounts methodology,BPM6,Actual,General trade system,,Enhanced General Data Dissemination System (e-GDDS),2012,"Demographic and Health Survey, 2008","Integrated household survey (IHS), 2016",,2013,2010.0,2017.0
22,BRA,Brazil,Brazilian real,Latin America & Caribbean,Upper middle income,Original chained constant price data are rescaled.,Value added at basic prices (VAB),IBRD,Country uses the 2008 System of National Accounts methodology,BPM6,Actual,Special trade system,Consolidated central government,Special Data Dissemination Standard (SDDS),2010,"National Health Survey, 2013","Integrated household survey (IHS), 2016",Yes,2006,2013.0,2017.0
23,BRB,Barbados,Barbados dollar,Latin America & Caribbean,High income,1974,Value added at basic prices (VAB),,Country uses the 1993 System of National Accounts methodology,BPM6,,General trade system,Budgetary central government,Enhanced General Data Dissemination System (e-GDDS),2010,"Multiple Indicator Cluster Survey, 2012",,Yes,,1997.0,2017.0
24,BRN,Brunei,Brunei dollar,East Asia & Pacific,High income,2010,Value added at producer prices (VAP),,Country uses the 2008 System of National Accounts methodology,BPM6,,Special trade system,,Enhanced General Data Dissemination System (e-GDDS),2011,,,Yes,,,2017.0
25,BTN,Bhutan,Bhutanese ngultrum,South Asia,Lower middle income,2000,Value added at basic prices (VAB),IDA,Country uses the 1993 System of National Accounts methodology,BPM6,Actual,General trade system,Consolidated central government,Enhanced General Data Dissemination System (e-GDDS),2017,"Multiple Indicator Cluster Survey, 2010","Integrated household survey (IHS), 2017",,"2009. Economic Census, Natural Resources Census, Livestock Census, Livestock and Aquaculture Census or Sample Agricultural Census.",,2017.0
26,BWA,Botswana,Botswana pula,Sub-Saharan Africa,Upper middle income,2006,Value added at basic prices (VAB),IBRD,Country uses the 1993 System of National Accounts methodology,BPM6,Actual,General trade system,Budgetary central government,Enhanced General Data Dissemination System (e-GDDS),2011,Family Health Survey 2007/08,"Core Welfare Indicator Questionnaire Survey (CWIQ), 2015/16",,2015,2013.0,2017.0
27,CAF,Central African Republic,Central African CFA franc,Sub-Saharan Africa,Low income,2005,Value added at basic prices (VAB),IDA,Country uses the 1993 System of National Accounts methodology,BPM5 (Converted into BPM6 by IMF),Actual,General trade system,Budgetary central government,Enhanced General Data Dissemination System (e-GDDS),2003,"Multiple Indicator Cluster Survey, 2010","Priority survey (PS), 2008",,,1993.0,2017.0
28,CAN,Canada,Canadian dollar,North America,High income,Original chained constant price data are rescaled.,Value added at basic prices (VAB),,Country uses the 2008 System of National Accounts methodology,BPM6,,General trade system,Consolidated central government,Special Data Dissemination Standard Plus (SDDS+),2016,,"Labor force survey (LFS), 2013",Yes,2016,2014.0,2017.0
29,CHE,Switzerland,Swiss franc,Europe & Central Asia,High income,Original chained constant price data are rescaled.,Value added at basic prices (VAB),,Country uses the 2008 System of National Accounts methodology,BPM6,,Special trade system,Consolidated central government,Special Data Dissemination Standard (SDDS),"2010. Population data compiled from administrative registers in combination with other sources of data, such as a sample surveys.",,"Income survey (IS), 2015",Yes,2010,2013.0,2017.0
30,CHL,Chile,Chilean peso,Latin America & Caribbean,High income,Original chained constant price data are rescaled.,Value added at basic prices (VAB),IBRD,Country uses the 2008 System of National Accounts methodology,BPM6,,General trade system,,Special Data Dissemination Standard (SDDS),2017,,"Integrated household survey (IHS), 2017",Yes,2007,2013.0,2017.0
31,CHN,China,Chinese yuan,East Asia & Pacific,Upper middle income,2015,Value added at producer prices (VAP),IBRD,Country uses the 2008 System of National Accounts methodology,BPM6,Preliminary,General trade system,Consolidated central government,Special Data Dissemination Standard (SDDS),2010,"National Sample Survey on Population Changes, 2014","Integrated household survey (IHS), 2015",,2016,2007.0,2017.0
32,CIV,Côte d'Ivoire,West African CFA franc,Sub-Saharan Africa,Lower middle income,2009,Value added at basic prices (VAB),IDA,Country uses the 1993 System of National Accounts methodology,BPM6,Actual,Special trade system,Budgetary central government,Enhanced General Data Dissemination System (e-GDDS),2014,"Multiple Indicator Cluster Survey, 2016","Integrated household survey (IHS), 2015",,2014-2015,1997.0,2017.0
33,CMR,Cameroon,Central African CFA franc,Sub-Saharan Africa,Lower middle income,2005,Value added at basic prices (VAB),Blend,Country uses the 1993 System of National Accounts methodology,BPM6,Actual,Special trade system,,Enhanced General Data Dissemination System (e-GDDS),2005,"Demographic and Health Survey, 2018","Priority survey (PS), 2014",,,2002.0,2017.0
34,COD,Dem. Rep. Congo,Congolese franc,Sub-Saharan Africa,Low income,2005,Value added at basic prices (VAB),IDA,Country uses the 1993 System of National Accounts methodology,BPM6,Actual,Special trade system,Budgetary central government,Enhanced General Data Dissemination System (e-GDDS),1984,"Multiple Indicator Cluster Survey, 2017/18","1-2-3 survey (1-2-3), 2012/13",,,,2016.0
35,COG,Congo,Central African CFA franc,Sub-Saharan Africa,Lower middle income,1990,Value added at producer prices (VAP),Blend,Country uses the 1968 System of National Accounts methodology,BPM6,Actual,Special trade system,Budgetary central government,Enhanced General Data Dissemination System (e-GDDS),2007,Multiple Indicator Cluster Survey 2015/16,"Core Welfare Indicator Questionnaire Survey (CWIQ)/Priority survey (PS), 2011",,2014-2015,2009.0,2017.0
36,COL,Colombia,Colombian peso,Latin America & Caribbean,Upper middle income,2015,Value added at basic prices (VAB),IBRD,Country uses the 2008 System of National Accounts methodology,BPM6,Actual,Special trade system,Consolidated central government,Special Data Dissemination Standard (SDDS),2018,"Demographic and Health Survey, 2015","Integrated household survey (IHS), 2017",,2015,2012.0,2017.0
37,COM,Comoros,Comorian franc,Sub-Saharan Africa,Lower middle income,2007,Value added at producer prices (VAP),IDA,Country uses the 2008 System of National Accounts methodology,BPM5 (Converted into BPM6 by IMF),Actual,General trade system,,Enhanced General Data Dissemination System (e-GDDS),2017,"Demographic and Health Survey, 2012","Integrated household survey (IHS), 2013",,,,2017.0
38,CPV,Cabo Verde,Cabo Verde escudo,Sub-Saharan Africa,Lower middle income,2007,Value added at basic prices (VAB),Blend,Country uses the 1993 System of National Accounts methodology,BPM6,Actual,General trade system,Consolidated central government,Enhanced General Data Dissemination System (e-GDDS),2010,"Demographic and Health Survey, 2005","Income survey (IS), 2015",Yes,2015,,2017.0
39,CRI,Costa Rica,Costa Rican colon,Latin America & Caribbean,Upper middle income,Original chained constant price data are rescaled.,Value added at basic prices (VAB),IBRD,Country uses the 2008 System of National Accounts methodology,BPM6,Actual,General trade system,Consolidated central government,Special Data Dissemination Standard (SDDS),2011,"Multiple Indicator Cluster Survey, 2018","Integrated household survey (IHS), 2017",Yes,2014,2013.0,2017.0
40,CYP,Cyprus,Euro,Europe & Central Asia,High income,Original chained constant price data are rescaled.,Value added at basic prices (VAB),,Country uses the 2008 System of National Accounts methodology,BPM6,,General trade system,Consolidated central government,Special Data Dissemination Standard (SDDS),2011,,"Income survey (IS), 2015",Yes,2010,2014.0,2017.0
41,CZE,Czech Republic,Czech koruna,Europe & Central Asia,High income,Original chained constant price data are rescaled.,Value added at basic prices (VAB),,Country uses the 2008 System of National Accounts methodology,BPM6,,Special trade system,Consolidated central government,Special Data Dissemination Standard Plus (SDDS+),"2011. Population data compiled from administrative registers in combination with other sources of data, such as a sample surveys.","World Health Survey, 2003","Income survey (IS), 2015",Yes,2010,2013.0,2017.0
42,DEU,Germany,Euro,Europe & Central Asia,High income,Original chained constant price data are rescaled.,Value added at basic prices (VAB),,Country uses the 2008 System of National Accounts methodology,BPM6,,Special trade system,Consolidated central government,Special Data Dissemination Standard Plus (SDDS+),2011. Population figures compiled from administrative registers and sample surveys while data on housing characteristics are collected through full field enumeration.,,"Income survey (IS), 2015",Yes,2010,2014.0,2017.0
43,DJI,Djibouti,Djibouti franc,Middle East & North Africa,Lower middle income,2013,Value added at basic prices (VAB),IDA,Country uses the 1993 System of National Accounts methodology,BPM5 (Converted into BPM6 by IMF),Actual,General trade system,,Enhanced General Data Dissemination System (e-GDDS),2009,"Multiple Indicator Cluster Survey, 2006","Priority survey (PS), 2017",,,,2017.0
44,DMA,Dominica,East Caribbean dollar,Latin America & Caribbean,Upper middle income,2006,Value added at basic prices (VAB),Blend,Country uses the 1993 System of National Accounts methodology,BPM6,Actual,Special trade system,Budgetary central government,Enhanced General Data Dissemination System (e-GDDS),2011,,,Yes,2015,,2017.0
45,DNK,Denmark,Danish krone,Europe & Central Asia,High income,Original chained constant price data are rescaled.,Value added at basic prices (VAB),,Country uses the 2008 System of National Accounts methodology,BPM6,,General trade system,Consolidated central government,Special Data Dissemination Standard Plus (SDDS+),2011. Population data compiled from administrative registers.,,"Income survey (IS), 2015",Yes,2010,2014.0,2017.0
46,DOM,Dominican Republic,Dominican peso,Latin America & Caribbean,Upper middle income,Original chained constant price data are rescaled.,Value added at basic prices (VAB),IBRD,Country uses the 2008 System of National Accounts methodology,BPM6,Actual,General trade system,Consolidated central government,Enhanced General Data Dissemination System (e-GDDS),2010,"Multiple Indicator Cluster Survey, 2014","Integrated household survey (IHS), 2016",,2015,1984.0,2017.0
47,DZA,Algeria,Algerian dinar,Middle East & North Africa,Upper middle income,Original chained constant price data are rescaled.,Value added at basic prices (VAB),IBRD,Country uses the 1993 System of National Accounts methodology,BPM6,Actual,Special trade system,Consolidated central government,Enhanced General Data Dissemination System (e-GDDS),2008,"Multiple Indicator Cluster Survey, 2012/13","Integrated household survey (IHS), 2011",,,2010.0,2017.0
48,ECU,Ecuador,U.S. dollar,Latin America & Caribbean,Upper middle income,2007,Value added at basic prices (VAB),IBRD,Country uses the 2008 System of National Accounts methodology,BPM5 (Converted into BPM6 by IMF),Actual,Special trade system,,Special Data Dissemination Standard (SDDS),2010,"Reproductive Health Survey, 2004","Integrated household survey (IHS), 2018",,,2008.0,2017.0
49,EGY,Egypt,Egyptian pound,Middle East & North Africa,Lower middle income,2016/17,Value added at basic prices (VAB),IBRD,Country uses the 1993 System of National Accounts methodology,BPM5 (Converted into BPM6 by IMF),Actual,General trade system,Budgetary central government,Special Data Dissemination Standard (SDDS),2017,"Health Issues Survey, 2015","Expenditure survey/budget survey (ES/BS), 2015",Yes,2009-2010,2012.0,2017.0
50,ERI,Eritrea,Eritrean nakfa,Sub-Saharan Africa,Low income,2000,Value added at basic prices (VAB),IDA,Country uses the 1968 System of National Accounts methodology,BPM5 (Converted into BPM6 by IMF),Estimate,,,,1984,"Demographic and Health Survey, 2002","Priority survey (PS), 1993",,,2012.0,2017.0
51,ESP,Spain,Euro,Europe & Central Asia,High income,Original chained constant price data are rescaled.,Value added at basic prices (VAB),,Country uses the 2008 System of National Accounts methodology,BPM6,,Special trade system,Consolidated central government,Special Data Dissemination Standard Plus (SDDS+),"2011. Population data compiled from administrative registers in combination with other sources of data, such as a sample surveys.",,"Income survey (IS), 2015",Yes,2009,2014.0,2017.0
52,EST,Estonia,Euro,Europe & Central Asia,High income,Original chained constant price data are rescaled.,Value added at basic prices (VAB),,Country uses the 2008 System of National Accounts methodology,BPM6,,General trade system,Consolidated central government,Special Data Dissemination Standard (SDDS),"2012. Population data compiled from administrative registers in combination with other sources of data, such as a sample surveys.","World Health Survey, 2003","Income survey (IS), 2015",Yes,2010,2014.0,2017.0
53,ETH,Ethiopia,Ethiopian birr,Sub-Saharan Africa,Low income,20015/2016,Value added at basic prices (VAB),IDA,Country uses the 1993 System of National Accounts methodology,BPM5 (Converted into BPM6 by IMF),Actual,General trade system,Budgetary central government,Enhanced General Data Dissemination System (e-GDDS),2007,"Demographic and Health Survey, 2016","Expenditure survey/budget survey (ES/BS), 2015/16",,,2014.0,2017.0
54,FIN,Finland,Euro,Europe & Central Asia,High income,Original chained constant price data are rescaled.,Value added at basic prices (VAB),,Country uses the 2008 System of National Accounts methodology,BPM6,,Special trade system,Consolidated central government,Special Data Dissemination Standard Plus (SDDS+),2010. Population data compiled from administrative registers.,,"Income survey (IS), 2015",Yes,2010,2014.0,2017.0
55,FJI,Fiji,Fijian dollar,East Asia & Pacific,Upper middle income,2014,Value added at basic prices (VAB),Blend,Country uses the 2008 System of National Accounts methodology,BPM6,Actual,General trade system,Budgetary central government,Enhanced General Data Dissemination System (e-GDDS),2017,,"Expenditure survey/budget survey (ES/BS), 2013",Yes,2009,2011.0,2017.0
56,FRA,France,Euro,Europe & Central Asia,High income,Original chained constant price data are rescaled.,Value added at basic prices (VAB),,Country uses the 2008 System of National Accounts methodology,BPM6,,Special trade system,Consolidated central government,Special Data Dissemination Standard Plus (SDDS+),2016,,"Income survey (IS), 2015",Yes,2010,2014.0,2017.0
57,FSM,Micronesia,U.S. dollar,East Asia & Pacific,Lower middle income,2004,Value added at basic prices (VAB),IDA,Country uses the 1993 System of National Accounts methodology,BPM6,,General trade system,Budgetary central government,Enhanced General Data Dissemination System (e-GDDS),2010,,"Expenditure survey/budget survey (ES/BS), 2013",,,,2017.0
58,GAB,Gabon,Central African CFA franc,Sub-Saharan Africa,Upper middle income,2001,Value added at basic prices (VAB),IBRD,Country uses the 1993 System of National Accounts methodology,BPM5 (Converted into BPM6 by IMF),Actual,Special trade system,,Enhanced General Data Dissemination System (e-GDDS),2013,"Demographic and Health Survey, 2018","Living Standards Measurement Study Survey (LSMS)/Integrated household survey (IHS), 2017",,,1995.0,2017.0
59,GBR,United Kingdom,Pound sterling,Europe & Central Asia,High income,Original chained constant price data are rescaled.,Value added at basic prices (VAB),,Country uses the 2008 System of National Accounts methodology,BPM6,,General trade system,Consolidated central government,Special Data Dissemination Standard (SDDS),2011,,"Income survey (IS), 2015",Yes,2010,2013.0,2017.0
60,GEO,Georgia,Georgian lari,Europe & Central Asia,Upper middle income,Original chained constant price data are rescaled.,Value added at basic prices (VAB),IBRD,Country uses the 1993 System of National Accounts methodology,BPM6,Actual,General trade system,Consolidated central government,Special Data Dissemination Standard (SDDS),2014,"Multiple Indicator Cluster Survey, 2018","Integrated household survey (IHS), 2017",Yes,2014,2013.0,2017.0
61,GHA,Ghana,New Ghanaian cedi,Sub-Saharan Africa,Lower middle income,2013,Value added at basic prices (VAB),IDA,Country uses the 2008 System of National Accounts methodology,BPM6,Actual,General trade system,Consolidated central government,Enhanced General Data Dissemination System (e-GDDS),2010,"Multiple Indicator Cluster Survey, 2017/18","Living Standards Measurement Study Survey (LSMS), 2017",,,2003.0,2017.0
62,GIN,Guinea,Guinean franc,Sub-Saharan Africa,Low income,2010,Value added at basic prices (VAB),IDA,Country uses the 2008 System of National Accounts methodology,BPM6,Actual,Special trade system,,Enhanced General Data Dissemination System (e-GDDS),2014,"Demographic and Health Survey, 2018","Core Welfare Indicator Questionnaire Survey (CWIQ), 2012",,,,2017.0
63,GMB,The Gambia,Gambian dalasi,Sub-Saharan Africa,Low income,2013,Value added at basic prices (VAB),IDA,Country uses the 2008 System of National Accounts methodology,BPM5 (Converted into BPM6 by IMF),Actual,General trade system,Consolidated central government,Enhanced General Data Dissemination System (e-GDDS),2013,"Multiple Indicator Cluster Survey, 2018","Integrated household survey (IHS), 2015",,2011-2012,2004.0,2017.0
64,GNB,Guinea-Bissau,West African CFA franc,Sub-Saharan Africa,Low income,2005,Value added at basic prices (VAB),IDA,Country uses the 1993 System of National Accounts methodology,BPM6,Actual,General trade system,,Enhanced General Data Dissemination System (e-GDDS),2009,"Multiple Indicator Cluster Survey, 2014","Core Welfare Indicator Questionnaire Survey (CWIQ), 2010",,,,2017.0
65,GNQ,Equatorial Guinea,Central African CFA franc,Sub-Saharan Africa,Upper middle income,2006,Value added at basic prices (VAB),IBRD,Country uses the 1993 System of National Accounts methodology,BPM5 (Converted into BPM6 by IMF),,General trade system,Budgetary central government,,2015,"Demographic and Health Survey, 2011","Priority survey (PS), 2006",,2015,,2017.0
66,GRC,Greece,Euro,Europe & Central Asia,High income,Original chained constant price data are rescaled.,Value added at basic prices (VAB),,Country uses the 2008 System of National Accounts methodology,BPM6,,Special trade system,Consolidated central government,Special Data Dissemination Standard (SDDS),2011,,"Income survey (IS), 2015",Yes,2009,2013.0,2017.0
67,GRD,Grenada,East Caribbean dollar,Latin America & Caribbean,Upper middle income,2006,Value added at basic prices (VAB),Blend,Country uses the 1993 System of National Accounts methodology,BPM6,Actual,Special trade system,Budgetary central government,Enhanced General Data Dissemination System (e-GDDS),2011,"Reproductive Health Survey, 1985",,Yes,2012,,2017.0
68,GTM,Guatemala,Guatemalan quetzal,Latin America & Caribbean,Upper middle income,Original chained constant price data are rescaled.,Value added at basic prices (VAB),IBRD,Country uses the 1993 System of National Accounts methodology,BPM6,Actual,General trade system,Budgetary central government,Enhanced General Data Dissemination System (e-GDDS),2002,"Demographic and Health Survey, 2014/15","Living Standards Measurement Study Survey (LSMS), 2014",Yes,,1988.0,2017.0
69,GUY,Guyana,Guyana dollar,Latin America & Caribbean,Upper middle income,2006,Value added at basic prices (VAB),IDA,Country uses the 1993 System of National Accounts methodology,BPM6,Actual,Special trade system,,Enhanced General Data Dissemination System (e-GDDS),2012,"Multiple Indicator Cluster Survey, 2014","Integrated household survey (IHS), 1998",,,,2017.0
70,HKG,"Hong Kong SAR, China",Hong Kong dollar,East Asia & Pacific,High income,Original chained constant price data are rescaled.,Value added at basic prices (VAB),,Country uses the 2008 System of National Accounts methodology,BPM6,,General trade system,,Special Data Dissemination Standard (SDDS),2016,,,Yes,,2014.0,2017.0
71,HND,Honduras,Honduran lempira,Latin America & Caribbean,Lower middle income,2000,Value added at basic prices (VAB),IDA,Country uses the 1993 System of National Accounts methodology,BPM5 (Converted into BPM6 by IMF),Actual,Special trade system,Consolidated central government,Enhanced General Data Dissemination System (e-GDDS),2013,"Demographic and Health Survey, 2011/12","Integrated household survey (IHS), 2017",,,1996.0,2017.0
72,HRV,Croatia,Croatian kuna,Europe & Central Asia,High income,Original chained constant price data are rescaled.,Value added at basic prices (VAB),IBRD,Country uses the 2008 System of National Accounts methodology,BPM6,,Special trade system,Budgetary central government,Special Data Dissemination Standard (SDDS),2011,"World Health Survey, 2003","Income survey (IS), 2015",Yes,"2010. Economic Census, Natural Resources Census, Livestock Census, Livestock and Aquaculture Census or Sample Agricultural Census.",1996.0,2017.0
73,HTI,Haiti,Haitian gourde,Latin America & Caribbean,Low income,1986/87,Value added at basic prices (VAB),IDA,Country uses the 1968 System of National Accounts methodology,BPM5 (Converted into BPM6 by IMF),Actual,General trade system,,Enhanced General Data Dissemination System (e-GDDS),2003,"Demographic and Health Survey, 2016/17","Integrated household survey (IHS), 2012",,2008-2009,,2017.0
74,HUN,Hungary,Hungarian forint,Europe & Central Asia,High income,Original chained constant price data are rescaled.,Value added at basic prices (VAB),,Country uses the 2008 System of National Accounts methodology,BPM6,,Special trade system,Consolidated central government,Special Data Dissemination Standard (SDDS),2011,"World Health Survey, 2003","Income survey (IS), 2014",Yes,2010,2013.0,2017.0
75,IDN,Indonesia,Indonesian rupiah,East Asia & Pacific,Lower middle income,2010,Value added at basic prices (VAB),IBRD,Country uses the 2008 System of National Accounts methodology,BPM6,Actual,General trade system,Consolidated central government,Special Data Dissemination Standard (SDDS),2010,"Demographic and Health Survey, 2017","Integrated household survey (IHS), 2017",,2013,2013.0,2017.0
76,IND,India,Indian rupee,South Asia,Lower middle income,2011,Value added at basic prices (VAB),IBRD,Country uses the 2008 System of National Accounts methodology,BPM6,Actual,General trade system,Consolidated central government,Special Data Dissemination Standard (SDDS),2011,"Demographic and Health Survey, 2015/16","Integrated household survey (IHS), 2011/12",,2010-2011,2014.0,2017.0
77,IRL,Ireland,Euro,Europe & Central Asia,High income,Original chained constant price data are rescaled.,Value added at basic prices (VAB),,Country uses the 2008 System of National Accounts methodology,BPM6,,General trade system,Consolidated central government,Special Data Dissemination Standard (SDDS),2016,,"Income survey (IS), 2015",Yes,2010,2012.0,2017.0
78,IRN,Iran,Iranian rial,Middle East & North Africa,Upper middle income,2011,Value added at basic prices (VAB),IBRD,Country uses the 1993 System of National Accounts methodology,BPM5 (Converted into BPM6 by IMF),Actual,Special trade system,Consolidated central government,Enhanced General Data Dissemination System (e-GDDS),2016,"Iran’s Multiple Indicator Demographic and Health Survey, 2010","Expenditure survey/budget survey (ES/BS), 2016",Yes,2014,2014.0,2017.0
79,IRQ,Iraq,Iraqi dinar,Middle East & North Africa,Upper middle income,2007,Value added at producer prices (VAP),IBRD,Country uses the 1968 System of National Accounts methodology,BPM6,,Special trade system,Budgetary central government,Enhanced General Data Dissemination System (e-GDDS),1997,"Multiple Indicator Cluster Survey, 2018","Integrated household survey (IHS), 2012",,2011-2012,2011.0,2017.0
80,ISL,Iceland,Iceland krona,Europe & Central Asia,High income,Original chained constant price data are rescaled.,Value added at basic prices (VAB),,Country uses the 2008 System of National Accounts methodology,BPM6,,Special trade system,Consolidated central government,Special Data Dissemination Standard (SDDS),"2011. Population data compiled from administrative registers in combination with other sources of data, such as a sample surveys.",,"Income survey (IS), 2014",Yes,2010,2005.0,2017.0
81,ISR,Israel,Israeli new shekel,Middle East & North Africa,High income,Original chained constant price data are rescaled.,Value added at basic prices (VAB),,Country uses the 2008 System of National Accounts methodology,BPM6,,Special trade system,Consolidated central government,Special Data Dissemination Standard (SDDS),"2009. Population data compiled from administrative registers in combination with other sources of data, such as a sample surveys.",,"Expenditure survey/budget survey (ES/BS), 2012",Yes,,2014.0,2017.0
82,ITA,Italy,Euro,Europe & Central Asia,High income,Original chained constant price data are rescaled.,Value added at basic prices (VAB),,Country uses the 2008 System of National Accounts methodology,BPM6,,Special trade system,Consolidated central government,Special Data Dissemination Standard Plus (SDDS+),"2012. Population data compiled from administrative registers in combination with other sources of data, such as a sample surveys.",,"Income survey (IS), 2015",Yes,2010,2014.0,2017.0
83,JAM,Jamaica,Jamaican dollar,Latin America & Caribbean,Upper middle income,2007,Value added at basic prices (VAB),IBRD,Country uses the 1993 System of National Accounts methodology,BPM6,Actual,Special trade system,Budgetary central government,Enhanced General Data Dissemination System (e-GDDS),2011,"Multiple Indicator Cluster Survey, 2011","Living Standards Measurement Study Survey (LSMS), 2012",,2007,1996.0,2017.0
84,JOR,Jordan,Jordanian dinar,Middle East & North Africa,Upper middle income,2016,Value added at basic prices (VAB),IBRD,Country uses the 1968 System of National Accounts methodology,BPM6,Actual,Special trade system,Budgetary central government,Special Data Dissemination Standard (SDDS),2015,"Demographic and Health Survey, 2017/18","Expenditure survey/budget survey (ES/BS), 2010",,2007,2013.0,2017.0
85,JPN,Japan,Japanese yen,East Asia & Pacific,High income,Original chained constant price data are rescaled.,Value added at basic prices (VAB),,Country uses the 2008 System of National Accounts methodology,BPM6,,General trade system,Consolidated central government,Special Data Dissemination Standard Plus (SDDS+),2015,,"Integrated household survey (IHS), 2008",Yes,2010,2012.0,2017.0
86,KAZ,Kazakhstan,Kazakh tenge,Europe & Central Asia,Upper middle income,Original chained constant price data are rescaled.,Value added at basic prices (VAB),IBRD,Country uses the 1993 System of National Accounts methodology,BPM6,Actual,General trade system,Consolidated central government,Special Data Dissemination Standard (SDDS),2009,"Multiple Indicator Cluster Survey, 2015","Expenditure survey/budget survey (ES/BS), 2017",,2006-2007,2013.0,2017.0
87,KEN,Kenya,Kenyan shilling,Sub-Saharan Africa,Lower middle income,2009,Value added at basic prices (VAB),Blend,Country uses the 2008 System of National Accounts methodology,BPM6,Actual,General trade system,Consolidated central government,Enhanced General Data Dissemination System (e-GDDS),2009,"Malaria Indicator Survey, 2015","Integrated household survey (IHS), 2015/16",,,2013.0,2017.0
88,KGZ,Kyrgyz Republic,Kyrgyz som,Europe & Central Asia,Lower middle income,Original chained constant price data are rescaled.,Value added at basic prices (VAB),IDA,Country uses the 1993 System of National Accounts methodology,BPM6,Actual,General trade system,Consolidated central government,Special Data Dissemination Standard (SDDS),2009,"Multiple Indicator Cluster Survey, 2018","Integrated household survey (IHS), 2015",Yes,,2012.0,2017.0
89,KHM,Cambodia,Cambodian riel,East Asia & Pacific,Lower middle income,2000,Value added at basic prices (VAB),IDA,Country uses the 1993 System of National Accounts methodology,BPM6,Actual,General trade system,Budgetary central government,Enhanced General Data Dissemination System (e-GDDS),2008,"Demographic and Health Survey, 2014","Integrated household survey (IHS), 2012",,2013,2000.0,2017.0
90,KIR,Kiribati,Australian dollar,East Asia & Pacific,Lower middle income,2006,Value added at basic prices (VAB),IDA,Country uses the 1993 System of National Accounts methodology,BPM6,,Special trade system,Consolidated central government,Enhanced General Data Dissemination System (e-GDDS),2015,"Multiple Indicator Cluster Survey, 2018/19","Expenditure survey/budget survey (ES/BS), 2006",,,,2017.0
91,KNA,St. Kitts and Nevis,East Caribbean dollar,Latin America & Caribbean,High income,2006,Value added at basic prices (VAB),IBRD,Country uses the 2008 System of National Accounts methodology,BPM6,,Special trade system,Budgetary central government,Enhanced General Data Dissemination System (e-GDDS),2011,,,Yes,,,2017.0
92,KOR,Korea,Korean won,East Asia & Pacific,High income,2010,Value added at basic prices (VAB),,Country uses the 2008 System of National Accounts methodology,BPM6,,General trade system,Budgetary central government,Special Data Dissemination Standard (SDDS),2015,,"Expenditure survey/budget survey (ES/BS), 2012",Yes,"2010, 2015",2014.0,2017.0
93,KWT,Kuwait,Kuwaiti dinar,Middle East & North Africa,High income,2010,Value added at basic prices (VAB),,Country uses the 1993 System of National Accounts methodology,BPM6,,Special trade system,Consolidated central government,Enhanced General Data Dissemination System (e-GDDS),2011,"Family Health Survey, 1996",,Yes,,2013.0,2017.0
94,LAO,Lao PDR,Lao kip,East Asia & Pacific,Lower middle income,2012,Value added at basic prices (VAB),IDA,Country uses the 2008 System of National Accounts methodology,BPM6,Actual,Special trade system,Budgetary central government,Enhanced General Data Dissemination System (e-GDDS),2015,"Multiple Indicator Cluster Survey, 2017","Expenditure survey/budget survey (ES/BS), 2012",,2010-2011,1999.0,2016.0
95,LBN,Lebanon,Lebanese pound,Middle East & North Africa,Upper middle income,2010,Value added at basic prices (VAB),IBRD,Country uses the 2008 System of National Accounts methodology,BPM5 (Converted into BPM6 by IMF),Actual,Special trade system,Budgetary central government,Enhanced General Data Dissemination System (e-GDDS),1943,"Family Health Survey, 2004","Expenditure survey/budget survey (ES/BS), 2011/12",Yes,2010,2007.0,2017.0
96,LBR,Liberia,U.S. dollar,Sub-Saharan Africa,Low income,1992,Value added at producer prices (VAP),IDA,Country uses the 2008 System of National Accounts methodology,BPM6,Actual,Special trade system,Consolidated central government,Enhanced General Data Dissemination System (e-GDDS),2008,"Malaria Indicator Survey, 2016","Expenditure survey/budget survey (ES/BS), 2014",,,,2016.0
97,LBY,Libya,Libyan dinar,Middle East & North Africa,Upper middle income,2003,Value added at basic prices (VAB),IBRD,Country uses the 1993 System of National Accounts methodology,BPM5 (Converted into BPM6 by IMF),,General trade system,,Enhanced General Data Dissemination System (e-GDDS),2006,"Family Health Survey, 2007",,,,1980.0,2017.0
98,LCA,St. Lucia,East Caribbean dollar,Latin America & Caribbean,Upper middle income,2006,Value added at basic prices (VAB),Blend,Country uses the 2008 System of National Accounts methodology,BPM6,Actual,General trade system,Budgetary central government,Enhanced General Data Dissemination System (e-GDDS),2010,"Multiple Indicator Cluster Survey, 2012","Expenditure survey/budget survey (ES/BS), 2016",Yes,2007,1997.0,2017.0
99,LIE,Liechtenstein,Swiss franc,Europe & Central Asia,High income,1998,Value added at basic prices (VAB),,,,,Special trade system,,,"2015. Population data compiled from administrative registers in combination with other sources of data, such as a sample surveys.",,,Yes,,,
100,LKA,Sri Lanka,Sri Lankan rupee,South Asia,Upper middle income,2010,Value added at basic prices (VAB),IBRD,Country uses the 2008 System of National Accounts methodology,BPM6,Actual,General trade system,Budgetary central government,Special Data Dissemination Standard (SDDS),2012,"Demographic and Health Survey, 2006/07","Expenditure survey/budget survey (ES/BS), 2016",Yes,2013-2014,2012.0,2017.0
101,LSO,Lesotho,Lesotho loti,Sub-Saharan Africa,Lower middle income,2012,Value added at basic prices (VAB),IDA,Country uses the 1993 System of National Accounts methodology,BPM6,Actual,General trade system,Budgetary central government,Enhanced General Data Dissemination System (e-GDDS),2016,"Multiple Indicator Cluster Survey, 2018","Expenditure survey/budget survey (ES/BS), 2010",,2010,1985.0,2017.0
102,LTU,Lithuania,Euro,Europe & Central Asia,High income,Original chained constant price data are rescaled.,Value added at basic prices (VAB),,Country uses the 2008 System of National Accounts methodology,BPM6,,Special trade system,Consolidated central government,Special Data Dissemination Standard Plus (SDDS+),"2011. Population data compiled from administrative registers in combination with other sources of data, such as a sample surveys.",,"Income survey (IS), 2015",Yes,2010,2014.0,2017.0
103,LUX,Luxembourg,Euro,Europe & Central Asia,High income,Original chained constant price data are rescaled.,Value added at basic prices (VAB),,Country uses the 2008 System of National Accounts methodology,BPM6,,Special trade system,Consolidated central government,Special Data Dissemination Standard (SDDS),2011,,"Income survey (IS), 2015",Yes,2010,2013.0,2017.0
104,LVA,Latvia,Euro,Europe & Central Asia,High income,Original chained constant price data are rescaled.,Value added at basic prices (VAB),,Country uses the 2008 System of National Accounts methodology,BPM6,,Special trade system,Consolidated central government,Special Data Dissemination Standard Plus (SDDS+),"2011. Population data compiled from administrative registers in combination with other sources of data, such as a sample surveys.","World Health Survey, 2003","Income survey (IS), 2015",Yes,2010,2013.0,2017.0
105,MAR,Morocco,Moroccan dirham,Middle East & North Africa,Lower middle income,2007,Value added at basic prices (VAB),IBRD,Country uses the 2008 System of National Accounts methodology,BPM6,Actual,Special trade system,Budgetary central government,Special Data Dissemination Standard (SDDS),2014,"Morocco National Survey on Population and Family Health, 2011","Expenditure survey/budget survey (ES/BS), 2013",,,2013.0,2017.0
106,MDA,Moldova,Moldovan leu,Europe & Central Asia,Lower middle income,Original chained constant price data are rescaled.,Value added at basic prices (VAB),Blend,Country uses the 2008 System of National Accounts methodology,BPM6,Actual,General trade system,Consolidated central government,Special Data Dissemination Standard (SDDS),2014,"Multiple Indicator Cluster Survey, 2012","Expenditure survey/budget survey (ES/BS), 2017",Yes,2011,2012.0,2017.0
107,MDG,Madagascar,Malagasy ariary,Sub-Saharan Africa,Low income,1984,Value added at basic prices (VAB),IDA,Country uses the 1968 System of National Accounts methodology,BPM6,Actual,General trade system,Budgetary central government,Enhanced General Data Dissemination System (e-GDDS),2018,"Multiple Indicator Cluster Survey, 2018","Priority survey (PS), 2012",,,2006.0,2017.0
108,MDV,Maldives,Maldivian rufiyaa,South Asia,Upper middle income,2014,Value added at basic prices (VAB),IDA,Country uses the 1993 System of National Accounts methodology,BPM6,Actual,General trade system,Consolidated central government,Enhanced General Data Dissemination System (e-GDDS),2014,"Demographic and Health Survey, 2016/17","Integrated household survey (IHS), 2009/10",Yes,,,2017.0
109,MEX,Mexico,Mexican peso,Latin America & Caribbean,Upper middle income,2013,Value added at basic prices (VAB),IBRD,Country uses the 2008 System of National Accounts methodology,BPM6,Actual,General trade system,Consolidated central government,Special Data Dissemination Standard (SDDS),2010,"Multiple Indicator Cluster Survey, 2015","Integrated household survey (IHS), 2016",Yes,2007,2013.0,2017.0
110,MHL,Marshall Islands,U.S. dollar,East Asia & Pacific,Upper middle income,2004,Value added at basic prices (VAB),IDA,Country uses the 1993 System of National Accounts methodology,BPM6,,General trade system,Budgetary central government,Enhanced General Data Dissemination System (e-GDDS),2011,"Republic of the Marshall Islands Demographic and Health Survey, 2007",,,,,2017.0
111,MKD,North Macedonia,Macedonian denar,Europe & Central Asia,Upper middle income,Original chained constant price data are rescaled.,Value added at basic prices (VAB),IBRD,,BPM6,Actual,Special trade system,Consolidated central government,Special Data Dissemination Standard (SDDS),2002,"Multiple Indicator Cluster Survey, 2011","Income survey (IS), 2017",Yes,2007,2010.0,2014.0
112,MLI,Mali,West African CFA franc,Sub-Saharan Africa,Low income,1999,Value added at basic prices (VAB),IDA,Country uses the 1993 System of National Accounts methodology,BPM6,Estimate,General trade system,Budgetary central government,Enhanced General Data Dissemination System (e-GDDS),2009,"Demographic and Health Survey, 2018","Integrated household survey (IHS), 2009/10",,,,2017.0
113,MLT,Malta,Euro,Middle East & North Africa,High income,Original chained constant price data are rescaled.,Value added at basic prices (VAB),,Country uses the 2008 System of National Accounts methodology,BPM6,,General trade system,Consolidated central government,Special Data Dissemination Standard (SDDS),2011,,"Income survey (IS), 2015",Yes,2010,2009.0,2017.0
114,MMR,Myanmar,Myanmar kyat,East Asia & Pacific,Lower middle income,2010,Value added at producer prices (VAP),IDA,Country uses the 1968 System of National Accounts methodology,BPM6,Actual,General trade system,Consolidated central government,Enhanced General Data Dissemination System (e-GDDS),2014,"Demographic and Health Survey, 2015/16","Integrated household survey (IHS), 2015",,2010,,2017.0
115,MNE,Montenegro,Euro,Europe & Central Asia,Upper middle income,Original chained constant price data are rescaled.,Value added at basic prices (VAB),IBRD,Country uses the 2008 System of National Accounts methodology,BPM6,Actual,Special trade system,,Enhanced General Data Dissemination System (e-GDDS),2011,"Demographic and Health Survey, 2018","Expenditure survey/budget survey (ES/BS), 2014",Yes,2010,,2017.0
116,MNG,Mongolia,Mongolian tugrik,East Asia & Pacific,Lower middle income,2010,Value added at basic prices (VAB),Blend,Country uses the 2008 System of National Accounts methodology,BPM6,Actual,General trade system,Consolidated central government,Enhanced General Data Dissemination System (e-GDDS),2010,"Demographic and Health Survey, 2018","Integrated household survey (IHS), 2016",Yes,2011,2011.0,2017.0
117,MOZ,Mozambique,New Mozambican metical,Sub-Saharan Africa,Low income,2009,Value added at basic prices (VAB),IDA,Country uses the 1993 System of National Accounts methodology,BPM6,Actual,General trade system,Budgetary central government,Enhanced General Data Dissemination System (e-GDDS),2017,"Malaria Indicator Survey, 2018","Expenditure survey/budget survey (ES/BS), 2014",,2009-2010,1973.0,2017.0
118,MRT,Mauritania,Mauritanian ouguiya,Sub-Saharan Africa,Lower middle income,2004,Value added at basic prices (VAB),IDA,Country uses the 1993 System of National Accounts methodology,BPM6,Actual,General trade system,,Enhanced General Data Dissemination System (e-GDDS),2013,"Multiple Indicator Cluster Survey, 2015","Integrated household survey (IHS), 2014",,,,2017.0
119,MUS,Mauritius,Mauritian rupee,Sub-Saharan Africa,Upper middle income,2006,Value added at basic prices (VAB),IBRD,Country uses the 2008 System of National Accounts methodology,BPM6,Actual,General trade system,Consolidated central government,Special Data Dissemination Standard (SDDS),2011,"World Health Survey, 2003","Integrated household survey (IHS), 2012",Yes,2014,2012.0,2017.0
120,MWI,Malawi,Malawi kwacha,Sub-Saharan Africa,Low income,2010,Value added at basic prices (VAB),IDA,Country uses the 2008 System of National Accounts methodology,BPM6,Actual,General trade system,Budgetary central government,Enhanced General Data Dissemination System (e-GDDS),2018,"Malaria Indicator Survey, 2017","Integrated household survey (IHS), 2016",,2006-2007,2012.0,2017.0
121,MYS,Malaysia,Malaysian ringgit,East Asia & Pacific,Upper middle income,2010,Value added at producer prices (VAP),IBRD,Country uses the 2008 System of National Accounts methodology,BPM6,,General trade system,Budgetary central government,Special Data Dissemination Standard (SDDS),2010,"World Health Survey, 2003","Income survey (IS), 2015",Yes,"2015. Economic Census, Natural Resources Census, Livestock Census, Livestock and Aquaculture Census or Sample Agricultural Census.",2012.0,2017.0
122,NAM,Namibia,Namibian dollar,Sub-Saharan Africa,Upper middle income,2010,Value added at basic prices (VAB),IBRD,Country uses the 1993 System of National Accounts methodology,BPM6,,General trade system,Budgetary central government,Enhanced General Data Dissemination System (e-GDDS),2011,"Demographic and Health Survey, 2013","Expenditure survey/budget survey (ES/BS), 2015",,2013-2014,2013.0,2017.0
123,NER,Niger,West African CFA franc,Sub-Saharan Africa,Low income,2006,Value added at basic prices (VAB),IDA,Country uses the 1993 System of National Accounts methodology,BPM6,Actual,General trade system,,Enhanced General Data Dissemination System (e-GDDS),2012,"Demographic and Health Survey, 2017","Core Welfare Indicator Questionnaire Survey (CWIQ)/Priority survey (PS), 2014",,2004-2008,2002.0,2017.0
124,NGA,Nigeria,Nigerian naira,Sub-Saharan Africa,Lower middle income,2010,Value added at basic prices (VAB),Blend,Country uses the 2008 System of National Accounts methodology,BPM6,Actual,General trade system,Budgetary central government,Enhanced General Data Dissemination System (e-GDDS),2006,"Demographic and Health Survey, 2018","Integrated household survey (IHS), 2009/10",,"2007. Economic Census, Natural Resources Census, Livestock Census, Livestock and Aquaculture Census or Sample Agricultural Census.",1996.0,2017.0
125,NIC,Nicaragua,Nicaraguan gold cordoba,Latin America & Caribbean,Lower middle income,Original chained constant price data are rescaled.,Value added at basic prices (VAB),IDA,Country uses the 2008 System of National Accounts methodology,BPM6,Actual,General trade system,Budgetary central government,Enhanced General Data Dissemination System (e-GDDS),2005,"Reproductive Health Survey, 2006/2007","Living Standards Measurement Study Survey (LSMS), 2016",,2011,1985.0,2017.0
126,NLD,Netherlands,Euro,Europe & Central Asia,High income,Original chained constant price data are rescaled.,Value added at basic prices (VAB),,Country uses the 2008 System of National Accounts methodology,BPM6,,Special trade system,Consolidated central government,Special Data Dissemination Standard Plus (SDDS+),"2011. Population data compiled from administrative registers in combination with other sources of data, such as a sample surveys.",,"Income survey (IS), 2015",Yes,2010,2014.0,2017.0
127,NOR,Norway,Norwegian krone,Europe & Central Asia,High income,Original chained constant price data are rescaled.,Value added at basic prices (VAB),,Country uses the 2008 System of National Accounts methodology,BPM6,,General trade system,Consolidated central government,Special Data Dissemination Standard (SDDS),2011. Population data compiled from administrative registers.,,"Income survey (IS), 2014",Yes,2010,2014.0,2017.0
128,NPL,Nepal,Nepalese rupee,South Asia,Low income,2000/01,Value added at basic prices (VAB),IDA,Country uses the 1993 System of National Accounts methodology,BPM5 (Converted into BPM6 by IMF),Actual,General trade system,Budgetary central government,Enhanced General Data Dissemination System (e-GDDS),2011,"Demographic and Health Survey, 2016","Living Standards Measurement Study Survey (LSMS), 2010/11",,2011-2012,2011.0,2017.0
129,NZL,New Zealand,New Zealand dollar,East Asia & Pacific,High income,Original chained constant price data are rescaled.,Value added at basic prices (VAB),,Country uses the 2008 System of National Accounts methodology,BPM6,,General trade system,,,2018,,,Yes,2012,2012.0,2017.0
130,OMN,Oman,Rial Omani,Middle East & North Africa,High income,2010,Value added at basic prices (VAB),,Country uses the 1993 System of National Accounts methodology,BPM5 (Converted into BPM6 by IMF),,General trade system,Budgetary central government,Enhanced General Data Dissemination System (e-GDDS),2010,"Multiple Indicator Cluster Survey, 2014",,,2012-2013,2014.0,2017.0
131,PAK,Pakistan,Pakistani rupee,South Asia,Lower middle income,2005/06,Value added at basic prices (VAB),Blend,Country uses the 2008 System of National Accounts methodology,BPM6,Actual,General trade system,Budgetary central government,Enhanced General Data Dissemination System (e-GDDS),2017,"Demographic and Health Survey, 2017/18","Integrated household survey (IHS), 2014/15",,2010,2006.0,2017.0
132,PAN,Panama,Panamanian balboa,Latin America & Caribbean,High income,Original chained constant price data are rescaled.,Value added at basic prices (VAB),IBRD,Country uses the 1993 System of National Accounts methodology,BPM6,,Special trade system,,Enhanced General Data Dissemination System (e-GDDS),2010,"Multiple Indicator Cluster Survey, 2013","Integrated household survey (IHS), 2016",Yes,2011,2001.0,2017.0
133,PER,Peru,Peruvian new sol,Latin America & Caribbean,Upper middle income,2007,Value added at basic prices (VAB),IBRD,Country uses the 2008 System of National Accounts methodology,BPM5 (Converted into BPM6 by IMF),Actual,Special trade system,Consolidated central government,Special Data Dissemination Standard (SDDS),2017,"Continuous Demographic and Health Survey, 2014","Integrated household survey (IHS), 2017",,2012,2011.0,2017.0
134,PHL,Philippines,Philippine peso,East Asia & Pacific,Lower middle income,2000,Value added at producer prices (VAP),IBRD,Country uses the 2008 System of National Accounts methodology,BPM6,Actual,General trade system,Budgetary central government,Special Data Dissemination Standard (SDDS),2015,"Demographic and Health Survey, 2017","Expenditure survey/budget survey (ES/BS), 2015",Yes,2012,2012.0,2017.0
135,PLW,Palau,U.S. dollar,East Asia & Pacific,High income,2015,Value added at basic prices (VAB),IBRD,Country uses the 1993 System of National Accounts methodology,BPM6,,General trade system,Budgetary central government,Enhanced General Data Dissemination System (e-GDDS),2015,,"Expenditure survey/budget survey (ES/BS), 2006",Yes,,,2017.0
136,PNG,Papua New Guinea,Papua New Guinea kina,East Asia & Pacific,Lower middle income,2013,Value added at basic prices (VAB),Blend,Country uses the 1993 System of National Accounts methodology,BPM5 (Converted into BPM6 by IMF),Actual,General trade system,Budgetary central government,Enhanced General Data Dissemination System (e-GDDS),2011,"Demographic and Health Survey, 2016/17","Integrated household survey (IHS), 2009/10",,,1987.0,2017.0
137,POL,Poland,Polish zloty,Europe & Central Asia,High income,Original chained constant price data are rescaled.,Value added at basic prices (VAB),IBRD,Country uses the 2008 System of National Accounts methodology,BPM6,,Special trade system,Consolidated central government,Special Data Dissemination Standard (SDDS),"2011. Population data compiled from administrative registers in combination with other sources of data, such as a sample surveys.",,"Expenditure survey/budget survey (ES/BS), 2016",Yes,2010,2013.0,2017.0
138,PRI,Puerto Rico,U.S. dollar,Latin America & Caribbean,High income,1954,Value added at producer prices (VAP),,Country uses the 1968 System of National Accounts methodology,,,General trade system,,,2010,"Reproductive Health Survey, 1995/96",,Yes,2012,2006.0,
139,PRT,Portugal,Euro,Europe & Central Asia,High income,Original chained constant price data are rescaled.,Value added at basic prices (VAB),,Country uses the 2008 System of National Accounts methodology,BPM6,,Special trade system,Consolidated central government,Special Data Dissemination Standard Plus (SDDS+),2011,,,Yes,2009,2014.0,2017.0
140,PRY,Paraguay,Paraguayan guarani,Latin America & Caribbean,Upper middle income,2014,Value added at basic prices (VAB),IBRD,Country uses the 2008 System of National Accounts methodology,BPM5 (Converted into BPM6 by IMF),Actual,General trade system,Consolidated central government,Enhanced General Data Dissemination System (e-GDDS),2012,"Multiple Indicator Cluster Survey, 2016","Integrated household survey (IHS), 2017",,2008,2010.0,2017.0
141,PSE,West Bank and Gaza,Israeli new shekel,Middle East & North Africa,Lower middle income,2015,,,,BPM6,,General trade system,Consolidated central government,Special Data Dissemination Standard (SDDS),2017,"Multiple Indicator Cluster Survey, 2014","Expenditure survey/budget survey (ES/BS), 2016/17",,2010,2013.0,
142,QAT,Qatar,Qatari riyal,Middle East & North Africa,High income,2013,Value added at producer prices (VAP),,Country uses the 1993 System of National Accounts methodology,BPM5 (Converted into BPM6 by IMF),,Special trade system,Budgetary central government,Enhanced General Data Dissemination System (e-GDDS),2015,"Multiple Indicator Cluster Survey, 2012",,Yes,,2013.0,2017.0
143,ROU,Romania,New Romanian leu,Europe & Central Asia,Upper middle income,Original chained constant price data are rescaled.,Value added at basic prices (VAB),IBRD,Country uses the 2008 System of National Accounts methodology,BPM6,Actual,Special trade system,Consolidated central government,Special Data Dissemination Standard (SDDS),2011,"Romania Reproductive Health Survey, 2004","Income survey (IS), 2016",Yes,2010,2013.0,2017.0
144,RUS,Russia,Russian ruble,Europe & Central Asia,Upper middle income,Original chained constant price data are rescaled.,Value added at basic prices (VAB),IBRD,Country uses the 2008 System of National Accounts methodology,BPM6,Preliminary,General trade system,Consolidated central government,Special Data Dissemination Standard (SDDS),2010,"Russian Federation Reproductive Health Survey, 2011","Expenditure survey/budget survey (ES/BS), 2017",Yes,2016,2014.0,2017.0
145,RWA,Rwanda,Rwandan franc,Sub-Saharan Africa,Low income,2014,Value added at basic prices (VAB),IDA,Country uses the 1993 System of National Accounts methodology,BPM6,Actual,General trade system,Budgetary central government,Enhanced General Data Dissemination System (e-GDDS),2012,"Malaria Indicator Survey, 2017","Integrated household survey (IHS), 2016/17",,"2008, 2013",1999.0,2017.0
146,SAU,Saudi Arabia,Saudi Arabian riyal,Middle East & North Africa,High income,2010,Value added at producer prices (VAP),,Country uses the 2008 System of National Accounts methodology,BPM6,,General trade system,Budgetary central government,Enhanced General Data Dissemination System (e-GDDS),2010,"Demographic survey, 2007",,,2015,2006.0,2017.0
147,SDN,Sudan,Sudanese pound,Sub-Saharan Africa,Lower middle income,1996,Value added at basic prices (VAB),IDA,Country uses the 1968 System of National Accounts methodology,BPM6,Preliminary,General trade system,,Enhanced General Data Dissemination System (e-GDDS),2008,"Multiple Indicator Cluster Survey, 2014","Expenditure survey/budget survey (ES/BS), 2009",,,2001.0,2017.0
148,SEN,Senegal,West African CFA franc,Sub-Saharan Africa,Lower middle income,2014,Value added at basic prices (VAB),IDA,Country uses the 2008 System of National Accounts methodology,BPM6,Actual,General trade system,Budgetary central government,Special Data Dissemination Standard (SDDS),2013,"Continuous Demographic and Health Survey, 2017","Priority survey (PS), 2011/12",,2013,2012.0,2017.0
149,SGP,Singapore,Singapore dollar,East Asia & Pacific,High income,2015,Value added at basic prices (VAB),,Country uses the 2008 System of National Accounts methodology,BPM6,,General trade system,Consolidated central government,Special Data Dissemination Standard (SDDS),2010. Population data compiled from administrative registers.,"National Health Survey, 2010",,Yes,,2014.0,2017.0
150,SLB,Solomon Islands,Solomon Islands dollar,East Asia & Pacific,Lower middle income,2004,Value added at basic prices (VAB),IDA,Country uses the 1993 System of National Accounts methodology,BPM6,Actual,Special trade system,Budgetary central government,Enhanced General Data Dissemination System (e-GDDS),2009,"Solomon Islands Demographic and Health Survey, 2006/07","Integrated household survey (IHS), 2012/13",,,,2017.0
151,SLE,Sierra Leone,Sierra Leonean leone,Sub-Saharan Africa,Low income,2006,Value added at basic prices (VAB),IDA,Country uses the 1993 System of National Accounts methodology,BPM5 (Converted into BPM6 by IMF),Actual,General trade system,Consolidated central government,Enhanced General Data Dissemination System (e-GDDS),2015,"Demographic and Health Survey, 2018","Integrated household survey (IHS), 2011",,,1993.0,2017.0
152,SLV,El Salvador,U.S. dollar,Latin America & Caribbean,Lower middle income,Original chained constant price data are rescaled.,Value added at basic prices (VAB),IBRD,Country uses the 2008 System of National Accounts methodology,BPM6,Actual,General trade system,Consolidated central government,Special Data Dissemination Standard (SDDS),2007,"Multiple Indicator Cluster Survey, 2014","Integrated household survey (IHS), 2017",Yes,2007-2008,1998.0,2017.0
153,SMR,San Marino,Euro,Europe & Central Asia,High income,2007,Value added at basic prices (VAB),,Country uses the 1993 System of National Accounts methodology,,,,Consolidated central government,Enhanced General Data Dissemination System (e-GDDS),2010,,,Yes,,,
154,SOM,Somalia,Somali shilling,Sub-Saharan Africa,Low income,,Value added at basic prices (VAB),IDA,Country uses the 1968 System of National Accounts methodology,BPM5 (Converted into BPM6 by IMF),Estimate,,,,1987,"Multiple Indicator Cluster Survey, 2006",,,,1986.0,
155,SRB,Serbia,New Serbian dinar,Europe & Central Asia,Upper middle income,Original chained constant price data are rescaled.,Value added at basic prices (VAB),IBRD,Country uses the 2008 System of National Accounts methodology,BPM6,Actual,General trade system,Consolidated central government,Enhanced General Data Dissemination System (e-GDDS),2011,"Multiple Indicator Cluster Survey, 2014","Expenditure survey/budget survey (ES/BS), 2016",Yes,2012,2014.0,2017.0
156,SSD,South Sudan,South Sudanese Pound,Sub-Saharan Africa,Low income,2009,Value added at basic prices (VAB),IDA,Country uses the 2008 System of National Accounts methodology,BPM6,,,,,2008,"Multiple Indicator Cluster Survey, 2010","Expenditure survey/budget survey (ES/BS), 2009",,,,
157,STP,São Tomé and Principe,São Tomé and Principe dobra,Sub-Saharan Africa,Lower middle income,2008,Value added at basic prices (VAB),IDA,Country uses the 1993 System of National Accounts methodology,BPM6,Actual,Special trade system,Budgetary central government,Enhanced General Data Dissemination System (e-GDDS),2012,"Multiple Indicator Cluster Survey, 2014","Priority survey (PS), 2010",Yes,,,2017.0
158,SUR,Suriname,Suriname dollar,Latin America & Caribbean,Upper middle income,2007,Value added at basic prices (VAB),IBRD,Country uses the 1993 System of National Accounts methodology,BPM5 (Converted into BPM6 by IMF),,General trade system,Budgetary central government,Enhanced General Data Dissemination System (e-GDDS),2012,"Demographic and Health Survey, 2018","Expenditure survey/budget survey (ES/BS), 1999",Yes,2008-2009,,2017.0
159,SVK,Slovak Republic,Euro,Europe & Central Asia,High income,Original chained constant price data are rescaled.,Value added at basic prices (VAB),,Country uses the 2008 System of National Accounts methodology,BPM6,,General trade system,Consolidated central government,Special Data Dissemination Standard (SDDS),2011,"World Health Survey, 2003","Income survey (IS), 2015",Yes,2010,2013.0,2017.0
160,SVN,Slovenia,Euro,Europe & Central Asia,High income,Original chained constant price data are rescaled.,Value added at basic prices (VAB),,Country uses the 2008 System of National Accounts methodology,BPM6,,Special trade system,Consolidated central government,Special Data Dissemination Standard (SDDS),2018. Population data compiled from administrative registers.,"World Health Survey, 2003","Income survey (IS), 2015",Yes,2010,2013.0,2017.0
161,SWE,Sweden,Swedish krona,Europe & Central Asia,High income,Original chained constant price data are rescaled.,Value added at basic prices (VAB),,Country uses the 2008 System of National Accounts methodology,BPM6,,Special trade system,Consolidated central government,Special Data Dissemination Standard Plus (SDDS+),2011. Population data compiled from administrative registers.,,"Income survey (IS), 2015",Yes,2010,2014.0,2017.0
162,SWZ,Eswatini,Swazi lilangeni,Sub-Saharan Africa,Lower middle income,2011,Value added at basic prices (VAB),IBRD,Country uses the 2008 System of National Accounts methodology,BPM6,Actual,General trade system,Budgetary central government,Enhanced General Data Dissemination System (e-GDDS),2017,"Multiple Indicator Cluster Survey, 2014","Expenditure survey/budget survey (ES/BS), 2009/10",,,2011.0,2017.0
163,SYC,Seychelles,Seychelles rupee,Sub-Saharan Africa,High income,2006,Value added at basic prices (VAB),IBRD,Country uses the 1993 System of National Accounts methodology,BPM6,,General trade system,Consolidated central government,Special Data Dissemination Standard (SDDS),2010,,"Expenditure survey/budget survey (ES/BS), 2013",Yes,2011,,2017.0
164,SYR,Syrian Arab Republic,Syrian pound,Middle East & North Africa,Low income,2000,Value added at basic prices (VAB),IDA,Country uses the 1968 System of National Accounts methodology,BPM5 (Converted into BPM6 by IMF),Estimate,Special trade system,Budgetary central government,Enhanced General Data Dissemination System (e-GDDS),2004,"Multiple Indicator Cluster Survey, 2006","Expenditure survey/budget survey (ES/BS), 2007",,,2005.0,2017.0
165,TCD,Chad,Central African CFA franc,Sub-Saharan Africa,Low income,2005,Value added at basic prices (VAB),IDA,Country uses the 1993 System of National Accounts methodology,BPM5 (Converted into BPM6 by IMF),Estimate,Special trade system,,Enhanced General Data Dissemination System (e-GDDS),2009,"Demographic and Health Survey, 2014/15","Priority survey (PS), 2011",,,,2017.0
166,TGO,Togo,West African CFA franc,Sub-Saharan Africa,Low income,2007,Value added at basic prices (VAB),IDA,Country uses the 2008 System of National Accounts methodology,BPM6,Actual,Special trade system,Budgetary central government,Enhanced General Data Dissemination System (e-GDDS),2010,"Multiple Indicator Cluster Survey, 2017; Malaria Indicator Survey, 2017","Core Welfare Indicator Questionnaire Survey (CWIQ), 2015",,2011-14,,2017.0
167,THA,Thailand,Thai baht,East Asia & Pacific,Upper middle income,2002,Value added at producer prices (VAP),IBRD,Country uses the 2008 System of National Accounts methodology,BPM6,Actual,Special trade system,Consolidated central government,Special Data Dissemination Standard (SDDS),2010,"Multiple Indicator Cluster Survey, 2015/16","Integrated household survey (IHS), 2015",,2013,2011.0,2017.0
168,TJK,Tajikistan,Tajik somoni,Europe & Central Asia,Low income,Original chained constant price data are rescaled.,Value added at basic prices (VAB),IDA,Country uses the 1993 System of National Accounts methodology,BPM6,Actual,General trade system,,Enhanced General Data Dissemination System (e-GDDS),2010,"Demographic and Health Survey, 2017","Expenditure survey/budget survey (ES/BS), 2015",,2013,,2017.0
169,TLS,Timor-Leste,U.S. dollar,East Asia & Pacific,Lower middle income,2015,Value added at basic prices (VAB),Blend,Country uses the 2008 System of National Accounts methodology,,,General trade system,,Enhanced General Data Dissemination System (e-GDDS),2015,"Demographic and Health Survey, 2016","Living Standards Measurement Study Survey (LSMS), 2014/15",,,,2017.0
170,TON,Tonga,Tongan pa'anga,East Asia & Pacific,Upper middle income,2011,Value added at basic prices (VAB),IDA,Country uses the 1993 System of National Accounts methodology,BPM6,Actual,General trade system,Consolidated central government,Enhanced General Data Dissemination System (e-GDDS),2016,"Demographic and Health Survey, 2012","Integrated household survey (IHS), 2009",,2015,1981.0,2017.0
171,TTO,Trinidad and Tobago,Trinidad and Tobago dollar,Latin America & Caribbean,High income,2012,Value added at basic prices (VAB),IBRD,Country uses the 2008 System of National Accounts methodology,BPM6,,Special trade system,,Enhanced General Data Dissemination System (e-GDDS),2011,"Multiple Indicator Cluster Survey, 2011","Integrated household survey (IHS), 1992",Yes,,2006.0,2017.0
172,TUN,Tunisia,Tunisian dinar,Middle East & North Africa,Lower middle income,2010,Value added at basic prices (VAB),IBRD,Country uses the 1993 System of National Accounts methodology,BPM5 (Converted into BPM6 by IMF),Actual,General trade system,Budgetary central government,Special Data Dissemination Standard (SDDS),2014,"Demographic and Health Survey, 2018","Integrated household survey (IHS), 2015",,,2010.0,2017.0
173,TUR,Turkey,New Turkish lira,Europe & Central Asia,Upper middle income,Original chained constant price data are rescaled.,Value added at basic prices (VAB),IBRD,Country uses the 2008 System of National Accounts methodology,BPM6,Actual,Special trade system,Consolidated central government,Special Data Dissemination Standard (SDDS),"2011. Population data compiled from administrative registers in combination with other sources of data, such as a sample surveys.","Demographic survey, 2018","Expenditure survey/budget survey (ES/BS), 2016",Yes,,2014.0,2017.0
174,TWN,"Taiwan, China",New Taiwan dollar,East Asia & Pacific,High income,2011,Value added at basic prices (VAB),,Country uses the 2008 System of National Accounts methodology,BPM6,,,,,,,,,,2013.0,2014.0
175,TZA,Tanzania,Tanzanian shilling,Sub-Saharan Africa,Low income,2015,Value added at basic prices (VAB),IDA,Country uses the 1993 System of National Accounts methodology,BPM6,Estimate,General trade system,Budgetary central government,Enhanced General Data Dissemination System (e-GDDS),2012,"Malaria Indicator Survey, 2017","Expenditure survey/budget survey (ES/BS), 2011/12",,2007-2008,2010.0,2017.0
176,UGA,Uganda,Ugandan shilling,Sub-Saharan Africa,Low income,2009/10,Value added at basic prices (VAB),IDA,Country uses the 2008 System of National Accounts methodology,BPM6,Actual,General trade system,Consolidated central government,Enhanced General Data Dissemination System (e-GDDS),2014,"Malaria Indicator Survey, 2018/19","Integrated household survey (IHS), 2015/16",,2008-2009,2000.0,2017.0
177,UKR,Ukraine,Ukrainian hryvnia,Europe & Central Asia,Lower middle income,Original chained constant price data are rescaled.,Value added at basic prices (VAB),IBRD,Country uses the 2008 System of National Accounts methodology,BPM6,Actual,General trade system,Consolidated central government,Special Data Dissemination Standard (SDDS),2001,"Multiple Indicator Cluster Survey, 2012","Integrated household survey (IHS), 2017",Yes,,2014.0,2017.0
178,URY,Uruguay,Uruguayan peso,Latin America & Caribbean,High income,2005,Value added at basic prices (VAB),IBRD,Country uses the 1993 System of National Accounts methodology,BPM6,,Special trade system,Consolidated central government,Special Data Dissemination Standard (SDDS),2011,"Multiple Indicator Cluster Survey, 2012/13","Integrated household survey (IHS), 2017",Yes,2011,2011.0,2017.0
179,USA,United States,U.S. dollar,North America,High income,Original chained constant price data are rescaled.,Value added at basic prices (VAB),,Country uses the 2008 System of National Accounts methodology,BPM6,,General trade system,Consolidated central government,Special Data Dissemination Standard Plus (SDDS+),2010,,"Labor force survey (LFS), 2016",Yes,2012,2011.0,2016.0
180,UZB,Uzbekistan,Uzbek sum,Europe & Central Asia,Lower middle income,Original chained constant price data are rescaled.,Value added at basic prices (VAB),Blend,Country uses the 1993 System of National Accounts methodology,,Actual,General trade system,Consolidated central government,Enhanced General Data Dissemination System (e-GDDS),1989,"Multiple Indicator Cluster Survey, 2006","Expenditure survey/budget survey (ES/BS), 2013",Yes,,,2017.0
181,VCT,St. Vincent and the Grenadines,East Caribbean dollar,Latin America & Caribbean,Upper middle income,2006,Value added at basic prices (VAB),Blend,Country uses the 2008 System of National Accounts methodology,BPM6,Actual,Special trade system,Budgetary central government,Enhanced General Data Dissemination System (e-GDDS),2012,,,Yes,,,2017.0
182,VEN,Venezuela,Venezuelan bolivar fuerte,Latin America & Caribbean,Upper middle income,1997,Value added at basic prices (VAB),IBRD,Country uses the 1993 System of National Accounts methodology,BPM6,Estimate,General trade system,,Enhanced General Data Dissemination System (e-GDDS),2011,"Multiple Indicator Cluster Survey, 2000","Integrated household survey (IHS), 2015",,2008,1998.0,2016.0
183,VNM,Vietnam,Vietnamese dong,East Asia & Pacific,Lower middle income,2010,Value added at basic prices (VAB),IBRD,Country uses the 1993 System of National Accounts methodology,BPM6,Actual,General trade system,,Enhanced General Data Dissemination System (e-GDDS),2009,"Multiple Indicator Cluster Survey, 2013/14","Integrated household survey (IHS), 2016",Yes,2016,2013.0,2017.0
184,VUT,Vanuatu,Vanuatu vatu,East Asia & Pacific,Lower middle income,2006,Value added at basic prices (VAB),IDA,Country uses the 1993 System of National Accounts methodology,BPM6,Actual,General trade system,Budgetary central government,Enhanced General Data Dissemination System (e-GDDS),2016,"Vanuatu Demographic and Health Survey/Multiple Indicator Cluster Survey, 2013","Integrated household survey (IHS), 2010",,2007,,2017.0
185,WSM,Samoa,Samoan tala,East Asia & Pacific,Upper middle income,2009,Value added at producer prices (VAP),IDA,Country uses the 1993 System of National Accounts methodology,BPM6,Actual,General trade system,Budgetary central government,Enhanced General Data Dissemination System (e-GDDS),2016,"Samoa Demographic and Health Survey, 2014","Expenditure survey/budget survey (ES/BS), 2013",,2009,,2017.0
186,XKX,Kosovo,Euro,Europe & Central Asia,Upper middle income,2008,Value added at basic prices (VAB),IDA,Country uses the 1993 System of National Accounts methodology,BPM6,Actual,,,Enhanced General Data Dissemination System (e-GDDS),2011,"Multiple Indicator Cluster Survey, 2013/14","Expenditure survey/budget survey (ES/BS), 2015",,2014,,
187,YEM,Yemen,Yemeni rial,Middle East & North Africa,Low income,1990,Value added at basic prices (VAB),IDA,Country uses the 1993 System of National Accounts methodology,BPM5 (Converted into BPM6 by IMF),Actual,Special trade system,,Enhanced General Data Dissemination System (e-GDDS),2004,"Demographic and Health Survey, 2013","Expenditure survey/budget survey (ES/BS), 2014",,,2012.0,2017.0
188,ZAF,South Africa,South African rand,Sub-Saharan Africa,Upper middle income,2010,Value added at basic prices (VAB),IBRD,Country uses the 2008 System of National Accounts methodology,BPM6,Estimate,General trade system,Consolidated central government,Special Data Dissemination Standard (SDDS),2011,"Demographic and Health Survey, 2016","Expenditure survey/budget survey (ES/BS), 2014/15",,2007,2010.0,2017.0
189,ZMB,Zambia,New Zambian kwacha,Sub-Saharan Africa,Lower middle income,2010,Value added at basic prices (VAB),IDA,Country uses the 2008 System of National Accounts methodology,BPM6,Actual,General trade system,Budgetary central government,Enhanced General Data Dissemination System (e-GDDS),2010,"Demographic and Health Survey, 2013/14","Integrated household survey (IHS), 2015",,,1994.0,2017.0
190,ZWE,Zimbabwe,U.S. dollar,Sub-Saharan Africa,Lower middle income,2012,Value added at basic prices (VAB),Blend,Country uses the 1993 System of National Accounts methodology,BPM6,Actual,General trade system,Budgetary central government,Enhanced General Data Dissemination System (e-GDDS),2012,"Demographic and Health Survey, 2015","Integrated household survey (IHS), 2011/12",,,,2017.0
